datetime,headline,keywords
2022-01-25T10:00:23+0000,"Timing of Fed Policy Pivot Nettles Critics","[United States Economy|Inflation (Economics)|Interest Rates|Stocks and Bonds|United States Politics and Government|Quantitative Easing|Prices (Fares, Fees and Rates)|Stimulus (Economic)|Coronavirus (2019-nCoV)]"
2022-11-10T10:05:10+0000,"Inflation Starting to Taper In Positive Sign for the Fed","[United States Economy|Inflation (Economics)|Consumer Price Index|Prices (Fares, Fees and Rates)|Interest Rates|Supply Chain|Midterm Elections (2022)]"
2022-07-11T21:23:44+0000,"As Prices Rise, Rental Market Is Hard to Exit","[Renting and Leasing (Real Estate)|Real Estate and Housing (Residential)|Interest Rates|Inflation (Economics)|Building (Construction)|United States Economy]"
2022-06-29T09:00:43+0000,"House Sales Have Cooled Significantly In Just Weeks","[Real Estate and Housing (Residential)|Mortgages|Interest Rates|Inflation (Economics)|Prices (Fares, Fees and Rates)|Recession and Depression|United States Economy]"
2022-09-27T15:17:26+0000,"With Rents Quickly Rising,  How Are Landlords Doing?","[Landlords|Prices (Fares, Fees and Rates)|Renting and Leasing (Real Estate)|Real Estate and Housing (Residential)|Inflation (Economics)|United States Economy|Income]"
2022-09-14T09:00:41+0000,"Where the New Climate Law Means More Drilling, Not Less","[Oil (Petroleum) and Gasoline|Natural Gas|Drilling and Boring|Global Warming|Greenhouse Gas Emissions|Inflation Reduction Act of 2022|Oil Spills|Shrimp|Fishing, Commercial|Alternative and Renewable Energy|Hurricanes and Tropical Storms|United States Economy|United States Politics and Government]"
2022-07-29T15:11:07+0000,"Big Industries Face New Path In Climate Bill","[Law and Legislation|Global Warming|Greenhouse Gas Emissions|Electric and Hybrid Vehicles|Batteries|Tax Credits, Deductions and Exemptions|United States Economy|United States Politics and Government|Used Cars|Automobiles|Oil (Petroleum) and Gasoline|Fuel Emissions (Transportation)|Fuel Efficiency|Prices (Fares, Fees and Rates)|Infrastructure (Public Works)|Natural Gas|Methane|Carbon Capture and Sequestration|Factories and Manufacturing|Inflation Reduction Act of 2022]"
2022-03-11T16:50:08+0000,"Amid War, Crypto Value Falls Steadily","[Bitcoin (Currency)|Virtual Currency|Russian Invasion of Ukraine (2022)|War and Armed Conflicts|Embargoes and Sanctions|United States Economy]"
2022-02-25T16:49:19+0000,"Our ‘Great Challenge’ of Energy Independence Still Exists","[Oil (Petroleum) and Gasoline|United States International Relations|Russian Invasion of Ukraine (2022)|Natural Gas|Politics and Government|International Trade and World Market|Economic Conditions and Trends|United States Economy|Energy and Power]"
2022-08-11T09:00:17+0000,"The Tricky Financial Math  Of Retiring Into a Downturn","[Retirement|Personal Finances|Inflation (Economics)|Content Type: Service|Stocks and Bonds|Financial Planners|Pensions and Retirement Plans|United States Economy]"
2022-09-22T21:19:02+0000,"Rate Setters See No Time To Waste","[Banking and Financial Institutions|Inflation (Economics)|Prices (Fares, Fees and Rates)|Interest Rates|Economic Conditions and Trends|United States Economy|Recession and Depression|Russian Invasion of Ukraine (2022)|International Trade and World Market|Supply Chain]"
2022-08-04T09:00:41+0000,"More Americans Are Going Hungry","[Food Banks and Pantries|Food Insecurity|Inflation (Economics)|Prices (Fares, Fees and Rates)|Philanthropy|United States Economy]"
2022-02-24T05:54:50+0000,"Stock Volatility Soars as Prices For Energy Swing","[Russian Invasion of Ukraine (2022)|United States Economy|Politics and Government|Embargoes and Sanctions|United States International Relations|Inflation (Economics)|Stocks and Bonds]"
2022-12-08T08:38:30+0000,"U.S. Gas Prices Are Now Lower Than a Year Ago","[Oil (Petroleum) and Gasoline|Prices (Fares, Fees and Rates)|United States Economy|Consumer Behavior|Inflation (Economics)|Russian Invasion of Ukraine (2022)]"
2022-07-29T12:34:56+0000,"Wages and Prices Climb, Foretelling Higher Rates","[United States Economy|Inflation (Economics)|Prices (Fares, Fees and Rates)|Wages and Salaries|Interest Rates|Labor and Jobs|Recession and Depression]"
2022-06-22T09:00:33+0000,"Biden Pressures Congress to Put Gas Tax on Hold","[Gasoline Tax (US)|Federal Taxes (US)|Oil (Petroleum) and Gasoline|Prices (Fares, Fees and Rates)|United States Economy|United States Politics and Government|Russian Invasion of Ukraine (2022)]"
2022-10-13T14:18:22+0000,"Social Security benefits will jump  8.7 percent next year, an unusually large increase that will help 70 million Americans deal with inflation.","[Social Security (US)|Elderly|Medicare|United States Economy|Prices (Fares, Fees and Rates)|Consumer Price Index|Inflation (Economics)]"
2022-07-29T15:54:27+0000,"Company Profits Tell One Side of a Complicated Story","[United States Economy|Inflation (Economics)|Company Reports|Corporations|Banking and Financial Institutions|Real Estate and Housing (Residential)]"
2022-08-26T14:00:23+0000,"Fed Chair Signals That Higher Rates Are Ahead","[United States Economy|Interest Rates|Inflation (Economics)|Prices (Fares, Fees and Rates)|Stocks and Bonds|Banking and Financial Institutions|Labor and Jobs]"
2022-03-31T18:11:19+0000,"Despite a Run of Bad News,  Stocks Gained in March","[United States Economy|Interest Rates|Stocks and Bonds|Recession and Depression|Standard & Poor's 500-Stock Index]"
2022-05-04T07:00:09+0000,"Fed Looks  To Temper  Hot Inflation","[United States Economy|Interest Rates|Inflation (Economics)|Stimulus (Economic)|Labor and Jobs|Recession and Depression]"
2022-04-12T09:01:50+0000,"Inflation Rate Hit 8.5% in Fastest Rise Since 1981","[United States Economy|Prices (Fares, Fees and Rates)|Consumer Price Index|Inflation (Economics)|Interest Rates]"
2022-05-09T12:17:18+0000,"Stocks’ Dive Is in Week 6;  China Adds To Anxiety","[United States Economy|Stocks and Bonds|Standard & Poor's 500-Stock Index|Coronavirus (2019-nCoV)|International Trade and World Market|Inflation (Economics)]"
2022-06-28T09:00:34+0000,"Cutting Back, but Still Struggling, as Inflation Spikes","[Inflation (Economics)|Prices (Fares, Fees and Rates)|Consumer Behavior|Personal Finances|Income|United States Economy]"
2022-12-12T15:16:50+0000,"Wary Outlook After a Misfire Over Inflation","[United States Economy|Inflation (Economics)|Supply Chain|Prices (Fares, Fees and Rates)|Labor and Jobs|Consumer Price Index|Interest Rates]"
2022-05-24T15:01:37+0000,"Why Isn’t A.I. Increasing Productivity?","[Computers and the Internet|Artificial Intelligence|Productivity|United States Economy|Cloud Computing|audio-neutral-informative]"
2022-08-16T22:50:14+0000,"Biden Signs Bill on Taxes And Climate","[Inflation Reduction Act of 2022|Law and Legislation|United States Economy|United States Politics and Government|Global Warming|Health Insurance and Managed Care]"
2022-06-07T09:00:18+0000,"Yellen Defends Stimulus Aid As Prices Continue to Rise","[United States Economy|Economic Conditions and Trends|American Rescue Plan (2021)|Supply Chain|Inflation (Economics)|Prices (Fares, Fees and Rates)|Interest Rates]"
2022-11-25T10:00:20+0000,"Uphill Battle For Reviving Child Credit","[Child Tax Credits and Stipends|Welfare (US)|Poverty|United States Politics and Government|United States Economy]"
2022-06-13T09:45:51+0000,"Growing Economic Fears Drive Markets Into Bear Territory","[Stocks and Bonds|United States Economy|Standard & Poor's 500-Stock Index|Inflation (Economics)|Interest Rates]"
2022-04-05T09:00:22+0000,"In Economy That Booms, Fears of Bust","[United States Economy|Recession and Depression|Inflation (Economics)|Coronavirus (2019-nCoV)|Prices (Fares, Fees and Rates)|Interest Rates|Labor and Jobs|Unemployment|Wages and Salaries]"
2022-10-13T09:00:42+0000,"Prices Climb Rapidly Even as Fed Hits the Brakes ","[Inflation (Economics)|Consumer Behavior|United States Economy|Prices (Fares, Fees and Rates)]"
2022-05-04T18:00:43+0000,"Rate Increase Is the Largest In 2 Decades","[United States Economy|Interest Rates|Inflation (Economics)|Government Bonds]"
2022-11-29T15:25:30+0000,"Top Lawmakers Rush to Prevent A Rail Shutdown","[Railroads|Organized Labor|Strikes|Paid Time Off|United States Politics and Government|United States Economy|Law and Legislation|Freight (Cargo)]"
2022-10-28T09:00:26+0000,"Risk of Rail Strike Looms Over Sick Pay","[Railroads|Strikes|Organized Labor|Paid Time Off|Wages and Salaries|Freight (Cargo)|Supply Chain|United States Economy]"
2022-04-29T15:54:57+0000,"Market Plunge Reflects Alarm Of Pain Ahead","[United States Economy|Interest Rates|Inflation (Economics)|Standard & Poor's 500-Stock Index|Consumer Behavior|Recession and Depression|Gross Domestic Product|Stocks and Bonds]"
2022-06-16T09:31:59+0000,"As Stocks Plummet, Wall Street Turns Focus to Risk of Recession","[Stocks and Bonds|United States Economy|Inflation (Economics)|Interest Rates|Recession and Depression]"
2022-07-27T07:00:10+0000,"Biden Labors to Ease Voter Fears of a Recession","[Recession and Depression|United States Economy|United States Politics and Government|Polls and Public Opinion|Inflation (Economics)|Wages and Salaries|Interest Rates|Gross Domestic Product]"
2022-01-05T19:34:58+0000,"Fed Weighs Faster Rise For Rates","[United States Economy|Interest Rates|Inflation (Economics)|Quantitative Easing|Coronavirus (2019-nCoV)]"
2022-02-04T14:08:14+0000,"Chance for Biden to Shift the Narrative","[United States Economy|Labor and Jobs|Wages and Salaries|Hiring and Promotion|Interest Rates|Inflation (Economics)|Coronavirus (2019-nCoV)|United States Politics and Government]"
2022-12-01T13:36:20+0000,"Fed’s Preferred Price Gauge Signals Slowing of Inflation","[Interest Rates|Inflation (Economics)|Prices (Fares, Fees and Rates)|United States Economy|Consumer Price Index]"
2022-10-05T15:23:42+0000,"Strong Dollar Clouds Outlook For World’s Emerging Markets","[US Dollar (Currency)|Third World and Developing Countries|Economic Conditions and Trends|Coronavirus (2019-nCoV)|Stocks and Bonds|International Trade and World Market|Inflation (Economics)|United States Economy|Credit and Debt|Credit Ratings and Credit Rating Agencies|United States International Relations]"
2022-10-27T14:01:26+0000,"Home Rates Soar to 7%; 20-Year High","[Real Estate and Housing (Residential)|Banking and Financial Institutions|Mortgages|United States Economy|Inflation (Economics)]"
2022-03-14T13:52:38+0000,"Will Powell Be Forced To Duplicate A Fed Giant?","[United States Economy|Inflation (Economics)|Interest Rates|Prices (Fares, Fees and Rates)|Banking and Financial Institutions|United States Politics and Government]"
2022-04-25T09:00:19+0000,"Same Relief Goal, Different Costs","[United States Economy|Labor and Jobs|Economic Conditions and Trends|Inflation (Economics)|American Rescue Plan (2021)|Unemployment|Unemployment Insurance|Coronavirus Aid, Relief, and Economic Security Act (2020)|Coronavirus (2019-nCoV)]"
2022-06-10T15:57:18+0000,"‘Ugly’ Inflation Report Upends Hope of Prices Easing","[United States Economy|Inflation (Economics)|Consumer Price Index|United States Politics and Government|Supply Chain]"
2022-12-13T10:00:34+0000,"Inflation Slows, Leading to Hope Of ‘Soft Landing’","[Inflation (Economics)|United States Economy|Prices (Fares, Fees and Rates)|Consumer Price Index|Interest Rates|Government Bonds|Recession and Depression]"
2022-08-17T18:44:50+0000,"Fed Officials  See Inflation  Staying High","[Interest Rates|United States Economy|Inflation (Economics)]"
2022-06-10T12:36:52+0000,"Prices Shoot Up Again, Squeezing Fed and Testing Biden’s Economic Policy","[United States Economy|Inflation (Economics)|Consumer Price Index|Prices (Fares, Fees and Rates)|Consumer Behavior|Banking and Financial Institutions|United States Politics and Government]"
2022-07-14T18:49:34+0000,"G.O.P. Seizes on Inflation,  Putting Democrats in Peril","[Midterm Elections (2022)|Political Advertising|Elections, House of Representatives|Elections, Senate|Inflation (Economics)|United States Economy|United States Politics and Government]"
2022-10-03T14:12:07+0000,"As Job Frenzy  Begins to Cool,  Wages Do, Too","[Labor and Jobs|Wages and Salaries|Hiring and Promotion|Inflation (Economics)|Recession and Depression|United States Economy]"
2022-05-19T09:00:16+0000,"Reaching the Age  Of Unretirement","[Labor and Jobs|United States Economy|Age, Chronological|Coronavirus (2019-nCoV)|Hiring and Promotion|Retirement]"
2022-01-12T10:21:51+0000,"Inflation Hits 7%, Highest Since 1982; Supply Chains Lag","[Consumer Price Index|Inflation (Economics)|United States Economy|Supply Chain|Prices (Fares, Fees and Rates)|Shortages]"
2022-01-14T13:43:45+0000,"Retail Sales Suffer First Dip in 5 Months","[Shopping and Retail|Consumer Behavior|Supply Chain|Shortages|Prices (Fares, Fees and Rates)|Inflation (Economics)|United States Economy|Coronavirus Omicron Variant]"
2022-07-14T09:00:26+0000,"Across U.S., It’s Getting Harder to Find a Home","[Real Estate and Housing (Residential)|Shortages|States (US)|Building (Construction)|Zoning|Area Planning and Renewal|United States Economy]"
2022-09-23T20:09:03+0000,"Fears of Bust Sink Markets Across Globe As Rates Rise","[Stocks and Bonds|United States Economy|Taxation|Standard & Poor's 500-Stock Index|Interest Rates|Inflation (Economics)|Economic Conditions and Trends]"
2022-12-14T17:46:23+0000,"Biden Pledges Deals to Bolster Africa’s Future","[United States International Relations|Economic Conditions and Trends|International Trade and World Market|Foreign Investments|International Relations|United States Politics and Government|United States Economy]"
2022-05-17T09:00:31+0000,"The Future of Layoffs","[Layoffs and Job Reductions|Labor and Jobs|United States Economy|Unemployment|Interest Rates|Hiring and Promotion|Recession and Depression]"
2022-03-14T07:00:17+0000,"Plastic Factory on Edge As Energy Shock Looms","[Supply Chain|International Trade and World Market|United States Economy|Russian Invasion of Ukraine (2022)|Economic Conditions and Trends|Politics and Government|Prices (Fares, Fees and Rates)|Containers and Packaging|Coronavirus (2019-nCoV)|Embargoes and Sanctions]"
2022-10-28T11:09:38+0000,"Oil Giants Rack Up Profits and Face Fire","[Oil (Petroleum) and Gasoline|Natural Gas|Company Reports|Prices (Fares, Fees and Rates)|Production|International Trade and World Market|Stocks and Bonds|Embargoes and Sanctions|Strategic Petroleum Reserve (US)|United States Economy|United States Politics and Government]"
2022-06-02T09:00:24+0000,"Making Sense Of an Economy Running Hot","[United States Economy|Inflation (Economics)|Interest Rates|Labor and Jobs|Wages and Salaries|Recession and Depression]"
2022-11-08T21:06:11+0000,"Disney Adds To Streaming By 12 Million","[Company Reports|AMUSEMENT AND THEME PARKS|United States Economy|Video Recordings, Downloads and Streaming|Prices (Fares, Fees and Rates)]"
2022-09-13T09:17:00+0000,"Markets Fall As Inflation Gives Pause To Investors","[Stocks and Bonds|Standard & Poor's 500-Stock Index|United States Economy|Inflation (Economics)|Interest Rates]"
2022-03-31T09:00:20+0000,"Rising Wages Could Complicate America’s Inflation Cool-Down","[United States Economy|Prices (Fares, Fees and Rates)|Inflation (Economics)|Wages and Salaries|Shortages|Labor and Jobs|Price Gouging|Renting and Leasing (Real Estate)|Coronavirus (2019-nCoV)]"
2022-08-11T07:14:07+0000,"Relief at Pump As Gas Prices Fall Under $4","[Oil (Petroleum) and Gasoline|Prices (Fares, Fees and Rates)|States (US)|Inflation (Economics)|Gasoline Tax (US)|Automobiles|Diesel Power|United States Economy]"
2022-08-27T14:03:04+0000,"Debt Aid Plan Reveals Limits Of Biden Tools","[Student Loans|Colleges and Universities|Tuition|Prices (Fares, Fees and Rates)|Executive Orders and Memorandums|United States Politics and Government|United States Economy|Global Warming|Health Insurance and Managed Care|Inflation Reduction Act of 2022|Law and Legislation]"
2022-05-13T09:00:33+0000,"Last Year’s Quitters? Most of Them Are at Work.","[Labor and Jobs|Wages and Salaries|Hiring and Promotion|Workplace Environment|Coronavirus Return to Office|Paid Time Off|Restaurants|United States Economy|Quarantine (Life and Culture)]"
2022-11-30T18:30:24+0000,"Fed Signals It May Slow Increases to Interest Rate","[Inflation (Economics)|United States Economy|Banking and Financial Institutions|Prices (Fares, Fees and Rates)|Interest Rates|Government Bonds|Wages and Salaries]"
2022-01-20T15:42:48+0000,"Experts Answer Readers’ Questions About Inflation","[Inflation (Economics)|Content Type: Service|United States Economy|Wages and Salaries|Prices (Fares, Fees and Rates)|Supply Chain|Consumer Behavior|Personal Finances]"
2022-04-01T13:36:21+0000,"As Workers See Pay Gains, Fed Could Feel the Pressure","[Wages and Salaries|Labor and Jobs|Shortages|Inflation (Economics)|United States Economy|Hiring and Promotion]"
2022-06-22T13:37:15+0000,"Powell Calls Recession ‘A Possibility’","[Inflation (Economics)|Interest Rates|Prices (Fares, Fees and Rates)|Recession and Depression|United States Economy|United States Politics and Government]"
2022-10-07T07:00:07+0000,"Workers Assess Options, or Lack of Them, as Job Market Cools","[Layoffs and Job Reductions|Hiring and Promotion|Labor and Jobs|Careers and Professions|Unemployment|United States Economy]"
2022-01-02T10:00:14+0000,"Extra Child Benefit Ends As Covid Explodes in U.S.","[United States Economy|Child Tax Credits and Stipends|American Rescue Plan (2021)|Poverty|Children and Childhood|Tax Credits, Deductions and Exemptions|United States Politics and Government|American Families Plan (2021)|Coronavirus (2019-nCoV)]"
2022-08-02T19:42:58+0000,"Fed Officials Expect Rates To Rise as Inflation Lingers","[Interest Rates|United States Economy|Inflation (Economics)|United States Politics and Government]"
2022-07-20T17:16:17+0000,"G.O.P. Strategy for Climate Action Is to Delay It","[Global Warming|United States Economy|Greenhouse Gas Emissions|United States Politics and Government|Oil (Petroleum) and Gasoline|Alternative and Renewable Energy|Heat and Heat Waves|Air Pollution|audio-neutral-informative]"
2022-07-26T13:00:08+0000," World at Risk of Recession, I.M.F. Says","[United States Economy|Recession and Depression|Inflation (Economics)|Economic Conditions and Trends|Russian Invasion of Ukraine (2022)|Interest Rates|Embargoes and Sanctions|Consumer Behavior]"
2022-10-07T09:01:56+0000,"As Hiring Slows, Inflation Fears Are Still Potent ","[United States Economy|Labor and Jobs|Unemployment|Interest Rates|Hiring and Promotion|Inflation (Economics)|Recession and Depression|Prices (Fares, Fees and Rates)]"
2022-06-30T23:27:06+0000,"Major Victory in Long Game to Dismantle Business Regulations","[Decisions and Verdicts|Clean Air Act|Air Pollution|Global Warming|Greenhouse Gas Emissions|Law and Legislation|Regulation and Deregulation of Industry|Conservatism (US Politics)|United States Economy|United States Politics and Government|Chevron v Natural Resources Defense Council (Supreme Court Decision)]"
2022-01-16T10:00:02+0000,"Policy in the Guise Of a Page-Turner","[Books and Literature|Banking and Financial Institutions|United States Economy]"
2022-03-08T15:11:46+0000,"How a Ban on Russian Oil May Hit the U.S. Economy","[United States Economy|Oil (Petroleum) and Gasoline|Consumer Price Index|Prices (Fares, Fees and Rates)|Economic Conditions and Trends|Russian Invasion of Ukraine (2022)|Embargoes and Sanctions]"
2022-06-03T09:14:14+0000,"Hiring Is Strong Even as the Fed Hits the Brakes","[United States Economy|Labor and Jobs|Unemployment|Wages and Salaries|Inflation (Economics)|Prices (Fares, Fees and Rates)|United States Politics and Government]"
2022-05-06T09:01:05+0000,"428,000 Workers  Join U.S. Payrolls","[Labor and Jobs|United States Economy|Unemployment|Inflation (Economics)|Wages and Salaries]"
2022-06-06T18:22:46+0000,"The Dark Side of the White-Hot Labor Market","[Labor and Jobs|United States Economy|Colleges and Universities|Inflation (Economics)|Generation Z]"
2022-04-28T07:59:58+0000,"Economy’s First-Quarter Drop Obscures Evidence of Revival","[United States Economy|Gross Domestic Product|Inflation (Economics)|International Trade and World Market|Consumer Behavior]"
2022-12-27T08:00:11+0000,"U.S. Work Force Is Feeling Strain Of Retiree Surge","[Labor and Jobs|United States Economy|Inflation (Economics)|Baby Boomers|Retirement]"
2022-09-13T14:25:05+0000,"Pandemic Aid Cut Poverty To a Record Low in 2021","[American Rescue Plan (2021)|Poverty|Children and Childhood|Health Insurance and Managed Care|Tax Credits, Deductions and Exemptions|United States Economy|Welfare (US)|Food Insecurity]"
2022-09-12T15:35:15+0000,"Pool of Labor In U.S. Stays Bafflingly Low","[United States Economy|Labor and Jobs|Shortages|Retirement|Age, Chronological|Coronavirus (2019-nCoV)|Long Covid]"
2022-08-10T18:14:04+0000,"Slowing Inflation Gives Consumers, and Biden, A Hint at a Turnaround","[United States Economy|Prices (Fares, Fees and Rates)|Inflation (Economics)|Interest Rates|Oil (Petroleum) and Gasoline|Renting and Leasing (Real Estate)|Used Cars|United States Politics and Government]"
2022-10-24T18:10:26+0000,"Shifting Gears, Democrats Put Economy First","[Midterm Elections (2022)|United States Economy|Inflation (Economics)|Prices (Fares, Fees and Rates)]"
2022-09-21T09:00:24+0000,"Auto Industry Illustrates the Uncertainty of Inflation","[Automobiles|Prices (Fares, Fees and Rates)|Used Cars|Supply Chain|United States Economy|Inflation (Economics)|Consumer Behavior|Shortages]"
2022-05-05T15:41:27+0000,"Volatile Day For Stocks Erases Gains","[United States Economy|Inflation (Economics)|Stocks and Bonds|Standard & Poor's 500-Stock Index|Interest Rates]"
2022-09-19T16:56:46+0000,"Wall St. Frets: What’s the Fed Thinking?","[Stocks and Bonds|Standard & Poor's 500-Stock Index|Interest Rates|United States Economy|Inflation (Economics)]"
2022-05-25T18:27:07+0000,"Fed Foresees 3 Rate Jumps In Short Time","[Interest Rates|Inflation (Economics)|Prices (Fares, Fees and Rates)|Banking and Financial Institutions|United States Economy]"
2022-03-07T22:46:35+0000,"Pressure to Ban Russian Oil — Stocks Sink","[Russian Invasion of Ukraine (2022)|United States International Relations|United States Economy|Oil (Petroleum) and Gasoline|Embargoes and Sanctions|Prices (Fares, Fees and Rates)|International Trade and World Market]"
2022-08-05T07:00:11+0000,"G.O.P. Treasurers Work to Thwart Climate Actions","[Global Warming|Greenhouse Gas Emissions|Banking and Financial Institutions|Conservatism (US Politics)|Lobbying and Lobbyists|United States Politics and Government|States (US)|Oil (Petroleum) and Gasoline|Pensions and Retirement Plans|Boycotts|Coal|United States Economy|Corporate Social Responsibility]"
2022-02-21T10:00:15+0000,"Debt Relief Blocked, Black Farmers Fear Ruin","[Agriculture and Farming|Black People|Blacks|Credit and Debt|Discrimination|American Rescue Plan (2021)|United States Politics and Government|United States Economy|Minorities|Suits and Litigation (Civil)]"
2022-01-31T22:36:01+0000,"Fed Officials To Pull Back Their Help","[Banking and Financial Institutions|United States Economy|Interest Rates|Inflation (Economics)|United States Politics and Government]"
2022-03-28T14:13:33+0000,"Biden’s Budget Tilts Priorities Toward Center","[Federal Budget (US)|United States Politics and Government|United States Economy|Inflation (Economics)|United States Defense and Military Forces|Police Reform|Crime and Criminals|Federal Taxes (US)]"
2022-08-15T19:08:12+0000,"Slowing China  Adds to Plunge  In Price of Oil","[Oil (Petroleum) and Gasoline|International Trade and World Market|Inflation (Economics)|Prices (Fares, Fees and Rates)|United States Economy|Russian Invasion of Ukraine (2022)]"
2022-06-19T09:00:17+0000,"G.O.P. Push to Tilt Courts May Rout Climate Efforts","[Global Warming|Greenhouse Gas Emissions|Fuel Emissions (Transportation)|Oil (Petroleum) and Gasoline|Coal|Regulation and Deregulation of Industry|Law and Legislation|Suits and Litigation (Civil)|Conservatism (US Politics)|Federal Courts (US)|United States Politics and Government|United States Economy|Chevron v Natural Resources Defense Council (Supreme Court Decision)]"
2022-07-26T09:00:17+0000,"As Pressures Accumulate, Small Shops Are Worried","[Coronavirus (2019-nCoV)|United States Economy|Small Business|Entrepreneurship|Recession and Depression|Prices (Fares, Fees and Rates)|Interest Rates|Inflation (Economics)]"
2022-11-01T09:00:27+0000,"Rocketing Prices Of Foods Elevate Company Profits","[Inflation (Economics)|Prices (Fares, Fees and Rates)|Food|Supermarkets and Grocery Stores|Restaurants|Consumer Behavior|Company Reports|United States Economy|audio-neutral-informative]"
2022-08-24T07:00:10+0000,"Job Gains for Black Workers Could Reverse in a Downturn","[Black People|Blacks|United States Economy|Layoffs and Job Reductions|Recession and Depression|Inflation (Economics)|Interest Rates|Unemployment|Labor and Jobs|Hiring and Promotion|Wages and Salaries|Federal Aid (US)|United States Politics and Government]"
2022-08-03T09:00:31+0000,"Fearing China’s Drive,  U.S. Funds Chip Makers","[Computer Chips|Factories and Manufacturing|Regulation and Deregulation of Industry|Supply Chain|International Trade and World Market|United States Politics and Government|United States Economy]"
2022-10-17T14:57:07+0000,"More Seniors Are Facing  Poverty Since the Pandemic","[Elderly|Poverty|United States Economy|Social Security (US)|Coronavirus (2019-nCoV)|src-reader-callout]"
2022-11-06T16:45:35+0000,"Midterms Spur A Rush of Angst And Confidence","[Midterm Elections (2022)|Polls and Public Opinion|United States Economy]"
2022-07-21T09:00:33+0000,"Downturn on the Horizon? A Key Indicator Says Yes.","[United States Economy|Recession and Depression|Interest Rates|Credit and Debt|Government Bonds|Stocks and Bonds|Inflation (Economics)]"
2022-04-28T09:00:24+0000,"College Graduates, In Working Class, Fuel Union Gains","[Organized Labor|Colleges and Universities|Wages and Salaries|United States Economy|audio-neutral-informative|audio-neutral-immersive]"
2022-05-06T15:49:33+0000,"Market Pain Isn’t Over, But You Will Get Through This","[United States Economy|Interest Rates|Inflation (Economics)|Content Type: Service|Recession and Depression|Stocks and Bonds]"
2022-01-05T10:00:23+0000,"Made in America, Again","[Supply Chain|International Trade and World Market|Factories and Manufacturing|Relocation of Business|Coronavirus (2019-nCoV)|United States Economy|Labor and Jobs|Fashion and Apparel]"
2022-05-20T10:50:00+0000,"Plunging Stocks Narrowly Evade Bear Territory","[Stocks and Bonds|Standard & Poor's 500-Stock Index|Inflation (Economics)|United States Economy]"
2022-01-27T21:47:46+0000,"If G.D.P. Is Up, Why Do Voters Feel So Down?","[Polls and Public Opinion|Inflation (Economics)|Prices (Fares, Fees and Rates)|Consumer Confidence (Economic Indicator)|United States Economy|United States Politics and Government|Coronavirus (2019-nCoV)]"
2022-08-26T23:21:37+0000,"Dogged Push For Biden’s Ear On Loan Debt","[Student Loans|Colleges and Universities|United States Economy|Inflation (Economics)|United States Politics and Government]"
2022-05-31T07:00:13+0000,"Uncertainty  Will Linger  For Wall St.","[United States Economy|Interest Rates|Inflation (Economics)|Consumer Behavior|Stocks and Bonds|Standard & Poor's 500-Stock Index|Prices (Fares, Fees and Rates)]"
2022-11-25T22:10:15+0000,"A Black Friday Full of Deals, And Wariness","[Black Friday and Cyber Monday (Shopping)|Discount Selling|E-Commerce|Shopping and Retail|Shopping Centers and Malls|Inflation (Economics)|United States Economy]"
2022-07-17T22:00:08+0000,"Banks Move To Wrestle Inflation Globally","[Inflation (Economics)|Interest Rates|Economic Conditions and Trends|United States Economy|Recession and Depression|Prices (Fares, Fees and Rates)|Currency|International Trade and World Market]"
2022-09-19T09:00:26+0000,"As Inflation Unnerves Voters,  G.O.P. Holds Tight to Message","[Midterm Elections (2022)|Inflation (Economics)|Polls and Public Opinion|United States Politics and Government|United States Economy]"
2022-06-24T07:00:11+0000,"Fed Makes a New Playbook","[United States Economy|Inflation (Economics)|Prices (Fares, Fees and Rates)|Interest Rates|Supply Chain|Recession and Depression|Shortages|Labor and Jobs|Coronavirus (2019-nCoV)|Oil (Petroleum) and Gasoline|Wages and Salaries]"
2022-06-13T20:00:29+0000,"Fed May Eye Biggest Rate Jump Since ’94","[United States Economy|Interest Rates|Inflation (Economics)|Prices (Fares, Fees and Rates)]"
2022-02-25T10:00:17+0000,"Key Gauge Of Inflation Is Highest In 40 Years","[United States Economy|Inflation (Economics)|Prices (Fares, Fees and Rates)|Oil (Petroleum) and Gasoline|Natural Gas|Consumer Behavior|Russian Invasion of Ukraine (2022)]"
2022-06-15T15:13:49+0000,"With Biggest Rate Increase Since ’94, Fed Gets Tough on Soaring Inflation","[United States Economy|Interest Rates|Inflation (Economics)|Consumer Price Index|Recession and Depression|Prices (Fares, Fees and Rates)|Credit and Debt|Labor and Jobs]"
2022-09-16T14:38:26+0000,"On Wall Street, Gloom Spreads As Stocks Slide","[Stocks and Bonds|Standard & Poor's 500-Stock Index|United States Economy|Prices (Fares, Fees and Rates)|Inflation (Economics)|Interest Rates|Government Bonds]"
2022-07-01T13:17:31+0000,"Lack of Chips Puts Big Dent In Auto Sales","[Company Reports|Factories and Manufacturing|Automobiles|Shortages|Computer Chips|United States Economy]"
2022-05-10T21:48:43+0000,"As Prices Soar, Fed Seeks To Make Up for Lost Time","[United States Economy|Interest Rates|Inflation (Economics)|United States Politics and Government]"
2022-08-23T09:00:26+0000,"Economic Assistance, Once Plentiful, Falls Off at a Painful Moment","[Prices (Fares, Fees and Rates)|Food Insecurity|Federal Aid (US)|Stimulus (Economic)|Inflation (Economics)|Child Tax Credits and Stipends|Food Banks and Pantries|Renting and Leasing (Real Estate)|American Rescue Plan (2021)|Economic Conditions and Trends|Inflation Reduction Act of 2022|United States Economy]"
2022-08-30T07:00:10+0000,"Economists Split on Plan To Drop Debt","[Student Loans|United States Economy|Politics and Government|Consumer Behavior|Economics (Theory and Philosophy)|Federal Budget (US)|Inflation (Economics)|Personal Finances|National Debt (US)]"
2022-01-21T21:09:56+0000,"Wall Street Faces Reality As Fed Acts To Pull Back","[Stocks and Bonds|Inflation (Economics)|Interest Rates|Standard & Poor's 500-Stock Index|United States Economy|Banking and Financial Institutions]"
2022-05-11T09:00:33+0000,"Inflation Slows, But Rising Prices Weigh on the U.S.","[United States Economy|Inflation (Economics)|Consumer Price Index|Prices (Fares, Fees and Rates)|United States Politics and Government]"
2022-03-01T08:00:11+0000,"Global Outlook Darkens Quickl","[Russian Invasion of Ukraine (2022)|International Trade and World Market|Economic Conditions and Trends|United States Economy|Embargoes and Sanctions|Inflation (Economics)|Prices (Fares, Fees and Rates)]"
2022-03-15T15:29:43+0000,"The Fed Stirs  As Inflation  Races Ahead","[Interest Rates|Inflation (Economics)|International Trade and World Market|United States Economy|Banking and Financial Institutions|Politics and Government|Prices (Fares, Fees and Rates)]"
2022-06-13T20:06:33+0000,"A Shudder Runs Through Wall St.","[Stocks and Bonds|Inflation (Economics)|401(k), 403(b) and 457 Plans|United States Economy|Content Type: Service|Pensions and Retirement Plans]"
2022-10-18T16:57:20+0000,"For Once, Americans Aren’t Eager to Shop","[Shopping and Retail|Black Friday and Cyber Monday (Shopping)|Christmas|E-Commerce|Consumer Behavior|Discount Selling|Inflation (Economics)|United States Economy]"
2022-12-06T08:00:16+0000,"Employment In America Is a Puzzle. The Question: Where Are All the Men?","[Labor and Jobs|Ships and Shipping|Vocational Training|Men and Boys|Shortages|Hiring and Promotion|Tugboats and Towboats|United States Economy|Supply Chain|Oil (Petroleum) and Gasoline]"
2022-05-10T09:00:20+0000,"For Millions, It Has Been Boom Times Amid Bad News","[United States Economy|Real Estate and Housing (Residential)|Income Inequality|Inflation (Economics)|Finances|Labor and Jobs|Retirement|src-reader-callout]"
2022-08-25T13:12:51+0000,"Dollar Stores Ringing Up New Patrons","[Shopping and Retail|Prices (Fares, Fees and Rates)|Inflation (Economics)|Company Reports|Consumer Behavior|United States Economy]"
2022-10-07T07:00:07+0000,"Fed’s Moves Lead to Pain Beyond U.S.","[Banking and Financial Institutions|Economic Conditions and Trends|Interest Rates|Third World and Developing Countries|United States Economy|Inflation (Economics)|US Dollar (Currency)]"
2022-05-27T09:00:33+0000,"Americans Eye Housing Market, and Stay Put","[Real Estate and Housing (Residential)|Renting and Leasing (Real Estate)|Mortgages|Interest Rates|Prices (Fares, Fees and Rates)|Landlords|Moving and Moving Industry|United States Economy]"
2022-08-12T10:04:08+0000,"Market Logs Best Stretch Of the Year","[United States Economy|Standard & Poor's 500-Stock Index|Stocks and Bonds]"
2022-04-02T09:00:25+0000,"An Unexpected Luxury Ride for Car Dealers  ","[Automobiles|Electric and Hybrid Vehicles|United States Economy|Prices (Fares, Fees and Rates)|Shopping and Retail|Shortages|Coronavirus (2019-nCoV)|Conventions, Fairs and Trade Shows]"
2022-01-07T10:02:30+0000,"Hiring Falters As U.S. Faces Labor Dearth","[Labor and Jobs|Hiring and Promotion|Wages and Salaries|Inflation (Economics)|United States Economy|Unemployment|Coronavirus Omicron Variant]"
2022-10-25T09:00:22+0000,"The Mood of America Goes Up and Down With the Price of Gas","[Prices (Fares, Fees and Rates)|Oil (Petroleum) and Gasoline|United States Economy|Consumer Behavior|Midterm Elections (2022)|Polls and Public Opinion|Automobiles|audio-neutral-informative]"
2022-07-06T22:39:57+0000,"Fed Is Preparing New Rate Jump As Fears Mount","[United States Economy|Inflation (Economics)|Prices (Fares, Fees and Rates)|Interest Rates|Consumer Behavior|Recession and Depression]"
2022-06-08T14:03:40+0000,"A Hesitation To Discuss Inflation","[United States Economy|Inflation (Economics)|Oil (Petroleum) and Gasoline|Prices (Fares, Fees and Rates)|United States Politics and Government|American Rescue Plan (2021)|Stimulus (Economic)]"
2022-02-01T10:00:20+0000,"Few Gains for Part-Time Workers","[Part-Time Employment|Working Hours|Organized Labor|Wages and Salaries|Service Industries|Supermarkets and Grocery Stores|United States Economy]"
2022-03-17T09:00:26+0000,"Fed Walks A Tightrope Over Rates","[United States Economy|Supply Chain|Russian Invasion of Ukraine (2022)|Interest Rates|Inflation (Economics)|Recession and Depression|Consumer Price Index|Prices (Fares, Fees and Rates)|Credit and Debt]"
2022-09-26T07:00:12+0000,"U.S. Factories See Rare Sight: Return of Jobs","[Factories and Manufacturing|Coronavirus (2019-nCoV)|Labor and Jobs|United States Economy|Supply Chain|Recession and Depression|Consumer Behavior|International Trade and World Market|American Rescue Plan (2021)]"
2022-10-11T13:00:07+0000,"World Faces High Risk Of Recession, I.M.F. Warns","[Economic Conditions and Trends|Recession and Depression|Interest Rates|Banking and Financial Institutions|United States Economy]"
2022-02-17T20:16:24+0000,"Fed Is Watching for Signs of a Wage-Prices Spiral","[Wages and Salaries|United States Economy|Inflation (Economics)|Labor and Jobs|Shortages|Prices (Fares, Fees and Rates)|Interest Rates|Coronavirus (2019-nCoV)]"
2022-03-31T09:00:24+0000,"Soaring Diesel Costs Ripple Through Global Economies","[Diesel Power|Oil (Petroleum) and Gasoline|Prices (Fares, Fees and Rates)|Inflation (Economics)|Supply Chain|Production|Trucks and Trucking|Economic Conditions and Trends|United States Economy|International Trade and World Market|Russian Invasion of Ukraine (2022)]"
2022-10-17T07:00:16+0000,"G.O.P. Gains Edge in Poll As Economy Sways Voters","[Polls and Public Opinion|Midterm Elections (2022)|Elections, Senate|Elections, House of Representatives|Presidential Election of 2024|United States Economy|Abortion|Gun Control]"
2022-04-22T17:48:53+0000,"Stocks Slump Over Worries About Policy From the Fed","[Stocks and Bonds|Banking and Financial Institutions|Interest Rates|Standard & Poor's 500-Stock Index|Inflation (Economics)|United States Economy]"
2022-05-12T18:34:31+0000,"Powell Sees Pain in War On Inflation","[Inflation (Economics)|Prices (Fares, Fees and Rates)|Interest Rates|Appointments and Executive Changes|United States Economy|United States Politics and Government]"
2022-08-26T13:16:43+0000,"Stocks Drop After Powell Predicts Pain For Economy","[Stocks and Bonds|United States Economy|Banking and Financial Institutions|Inflation (Economics)|Interest Rates|Prices (Fares, Fees and Rates)]"
2022-01-07T13:54:52+0000,"Jobless Data May Hasten A Rate Hike","[Labor and Jobs|Inflation (Economics)|Interest Rates|Wages and Salaries|Unemployment|United States Economy]"
2022-02-16T13:43:43+0000,"Retail Sales In January Were Robust","[Shopping and Retail|Consumer Behavior|United States Economy|Supply Chain|Inflation (Economics)|Prices (Fares, Fees and Rates)|Coronavirus (2019-nCoV)]"
2022-08-21T07:00:10+0000,"In U.S. Politics, Even the Phrase ‘The American Dream’ Divides","[Midterm Elections (2022)|Slogans and Mottoes|Immigration and Emigration|United States Economy|Minorities|Income Inequality|United States Politics and Government|Mexican-Americans]"
2022-07-16T09:00:16+0000,"Risk of Recession Growing, Driven By Tireless Virus","[Coronavirus (2019-nCoV)|United States Economy|Economic Conditions and Trends|Inflation (Economics)|Recession and Depression|Prices (Fares, Fees and Rates)|Shortages|Supply Chain|International Trade and World Market|Food Insecurity|Oil (Petroleum) and Gasoline|Russian Invasion of Ukraine (2022)|Third World and Developing Countries|Interest Rates]"
2022-09-14T21:48:53+0000,"With Rail Strike Inching Closer, Biden Urges Sides to Reach Deal","[Railroads|Strikes|Organized Labor|Supply Chain|Freight (Cargo)|United States Politics and Government|United States Economy|Inflation (Economics)]"
2022-07-30T09:00:20+0000,"A Sudden Shift In Winds Tests Biden’s Appeal","[Law and Legislation|Inflation Reduction Act of 2022|Polls and Public Opinion|Global Warming|Federal Taxes (US)|Oil (Petroleum) and Gasoline|Health Insurance and Managed Care|Drugs (Pharmaceuticals)|Prices (Fares, Fees and Rates)|Midterm Elections (2022)|Inflation (Economics)|United States Economy|United States Politics and Government]"
2022-05-24T09:00:22+0000,"What’s Inflation’s True Bite? Depends on How It’s Tallied.","[United States Economy|Inflation (Economics)|Consumer Price Index|Prices (Fares, Fees and Rates)|Real Estate and Housing (Residential)|Interest Rates|Renting and Leasing (Real Estate)]"
2022-11-10T10:00:35+0000,"Corporate Bond Fears Are Rising With Rates","[Stocks and Bonds|Interest Rates|Inflation (Economics)|Recession and Depression|United States Economy|Shopping and Retail|Real Estate (Commercial)|Bankruptcies|Credit and Debt|Credit Ratings and Credit Rating Agencies|Used Cars]"
2022-01-22T18:59:29+0000,"Did the Stimulus Fuel Inflation Rates? A Policy Debate Heats Up.","[United States Economy|Inflation (Economics)|Supply Chain|Consumer Behavior|International Trade and World Market|Stimulus (Economic)|Consumer Price Index|Prices (Fares, Fees and Rates)|United States Politics and Government|Coronavirus (2019-nCoV)]"
2022-08-15T09:00:20+0000,"Why Gig Work Is Thriving","[Freelancing, Self-Employment and Independent Contracting|United States Economy|Labor and Jobs|Income|Employee Fringe Benefits|Work-Life Balance|Inflation (Economics)|audio-neutral-immersive]"
2022-09-13T09:17:02+0000,"Inflation Defying Efforts From Fed to Cool Economy","[Prices (Fares, Fees and Rates)|United States Economy|Inflation (Economics)|Interest Rates|United States Politics and Government]"
2022-07-08T09:22:20+0000,"Strong Jobs Data Blunts Concerns About Recession","[Labor and Jobs|United States Economy|Hiring and Promotion|Recession and Depression|Wages and Salaries|Unemployment|Interest Rates]"
2022-02-08T13:35:07+0000,"Imports Push Trade Deficit To a Record","[International Trade and World Market|United States Economy|Supply Chain|Consumer Behavior|Coronavirus (2019-nCoV)]"
2022-11-18T18:00:39+0000,"Fed’s Rate Increases Make a Splash, but Not Yet a Wave","[United States Economy|Inflation (Economics)|Prices (Fares, Fees and Rates)|Interest Rates|Labor and Jobs|Real Estate and Housing (Residential)|Layoffs and Job Reductions|Recession and Depression|Mortgages|Credit and Debt|Shopping and Retail|Consumer Behavior]"
2022-01-30T10:00:13+0000,"U.S. Bonds Hold Appeal Despite Yields","[United States Economy|Credit and Debt|Government Bonds|National Debt (US)|Federal Budget (US)|Interest Rates|Inflation (Economics)|Stocks and Bonds|Prices (Fares, Fees and Rates)]"
2022-12-23T10:00:25+0000,"After Pair of Covid Christmases,  Santa Jumps Back on His Sleigh","[Santa Claus|Labor and Jobs|Wages and Salaries|Christmas|Children and Childhood|United States Economy|Service Industries|Inflation (Economics)]"
2022-05-03T09:00:21+0000,"The Era of Cheap and Abundant May Be Ending","[United States Economy|Supply Chain|International Trade and World Market|Economic Conditions and Trends|Inflation (Economics)|Relocation of Business|Prices (Fares, Fees and Rates)|Factories and Manufacturing|Labor and Jobs]"
2022-08-05T20:49:04+0000,"Growth Defies Effort to Cool Inflation","[United States Economy|Labor and Jobs|Wages and Salaries|Inflation (Economics)|Recession and Depression|Prices (Fares, Fees and Rates)|Interest Rates|United States Politics and Government]"
2022-04-26T16:12:44+0000,"Stocks Face Worst Month In Two Years","[United States Economy|Stocks and Bonds|Economic Conditions and Trends|Supply Chain|Russian Invasion of Ukraine (2022)|Company Reports|Standard & Poor's 500-Stock Index]"
2022-10-19T16:20:04+0000,"Could a Bust Like Britain’s Hit the U.S.?","[United States Economy|Inflation (Economics)|Stocks and Bonds|Banking and Financial Institutions|United States Politics and Government|Economic Conditions and Trends|Recession and Depression|Regulation and Deregulation of Industry]"
2022-05-27T12:33:34+0000,"U.S. Spending Is Up Even With Buying Power Low","[United States Economy|Consumer Behavior|Savings|Inflation (Economics)|Prices (Fares, Fees and Rates)|Oil (Petroleum) and Gasoline|Consumer Price Index|Interest Rates]"
2022-07-23T09:00:15+0000,"Build Houses, Even if No One Is Buying Right Now","[Real Estate and Housing (Residential)|Building (Construction)|Shortages|Renting and Leasing (Real Estate)|Interest Rates|United States Economy]"
2022-07-13T18:16:18+0000,"Ray of Hope as Price of Gas Tumbles","[Oil (Petroleum) and Gasoline|Prices (Fares, Fees and Rates)|United States Economy|International Trade and World Market|Consumer Behavior|Inflation (Economics)]"
2022-09-13T22:04:43+0000,"Spiking Costs Defy Biden’s Rosy Outlook","[United States Economy|Prices (Fares, Fees and Rates)|United States Politics and Government|Inflation Reduction Act of 2022|Midterm Elections (2022)|Consumer Price Index|Inflation (Economics)|Recession and Depression]"
2022-03-31T09:00:21+0000,"Home Prices Are Soaring Despite the Rise in Rates","[Real Estate and Housing (Residential)|Mortgages|Prices (Fares, Fees and Rates)|Interest Rates|Inflation (Economics)|Renting and Leasing (Real Estate)|United States Economy]"
2022-05-16T09:00:16+0000,"Yellen Faces Obstacles To Tax Deal","[Tax Shelters|Economic Conditions and Trends|Corporate Taxes|Politics and Government|United States International Relations|United States Economy]"
2022-12-30T12:29:10+0000,"A Lingering Hangover","[Real Estate and Housing (Residential)|Mortgages|United States Economy|Interest Rates|Renting and Leasing (Real Estate)|Two Thousand Twenty Three]"
2022-12-14T10:00:25+0000,"Fed Raises Rate At Slower Pace But Is Not Done","[Interest Rates|Inflation (Economics)|Prices (Fares, Fees and Rates)|United States Economy|Banking and Financial Institutions|Consumer Price Index]"
2022-07-06T23:04:44+0000,"Biden Promised Calm, but Base Wants a Fighter","[United States Economy|United States Politics and Government|Inflation (Economics)|Presidential Election of 2024|Polls and Public Opinion|Voting and Voters]"
2022-11-25T08:00:16+0000,"As Rich Spend, Spiraling Prices Challenge Poor","[United States Economy|Income Inequality|Inflation (Economics)|Prices (Fares, Fees and Rates)|Interest Rates|Consumer Behavior|Thanksgiving Day]"
2022-10-12T07:00:09+0000,"Wall Street  Is Bracing For Earnings","[Standard & Poor's 500-Stock Index|United States Economy|Inflation (Economics)|Company Reports]"
2022-10-16T07:00:11+0000,"Democrats Quiet On Aid Victories  As Prices Spiral","[American Rescue Plan (2021)|Inflation Reduction Act of 2022|Midterm Elections (2022)|United States Politics and Government|Tax Credits, Deductions and Exemptions|United States Economy|Stimulus (Economic)|Elections, Senate|Elections, House of Representatives|Political Advertising]"
2022-01-24T15:01:18+0000,"Omicron Inflicts Pain On Economy.  Will It Last?","[Coronavirus Omicron Variant|United States Economy|Inflation (Economics)|Supply Chain|Shortages|Labor and Jobs]"
2022-07-28T22:46:11+0000,"After $2 Trillion Slide, Tech Giants Swagger Their Way Through a Storm","[Computers and the Internet|E-Commerce|Company Reports|United States Economy]"
2022-03-10T08:00:08+0000,"War’s Economic Fallout: Skyrocketing Gas Prices And Volatile Markets","[United States Economy|Consumer Price Index|Prices (Fares, Fees and Rates)|Oil (Petroleum) and Gasoline|Russian Invasion of Ukraine (2022)|Inflation (Economics)]"
2022-05-27T07:00:11+0000,"G.O.P. Weaponizes Statehouses Against Green Corporate Goals","[Global Warming|Greenhouse Gas Emissions|Environment|Corporate Social Responsibility|United States Politics and Government|United States Economy|Law and Legislation|States (US)|Pensions and Retirement Plans|Banking and Financial Institutions|Colleges and Universities|Oil (Petroleum) and Gasoline]"
2022-07-17T09:00:20+0000,"Climate Crisis Fades as Worry For U.S. Voters","[Global Warming|Green New Deal|Greenhouse Gas Emissions|Environment|United States Politics and Government|United States Economy]"
2022-10-28T12:38:26+0000,"Prices and Wages Keep Escalating, Challenging Fed","[United States Economy|Inflation (Economics)|Prices (Fares, Fees and Rates)|Labor and Jobs|Wages and Salaries|Consumer Price Index|Interest Rates]"
2022-11-30T15:24:54+0000,"House Passes Bill to Force  Rail Deal and Avert Strike","[Railroads|Strikes|Organized Labor|Paid Time Off|Law and Legislation|United States Politics and Government|United States Economy]"
2022-10-26T22:47:44+0000,"Big Tech Feels Economic Chill As Sales Falter","[Company Reports|Computers and the Internet|Stocks and Bonds|Social Media|Online Advertising|United States Economy]"
2022-07-15T14:11:20+0000,"Voters View Economy as Grim, Even if Their Finances Are Not","[United States Economy|Inflation (Economics)|Polls and Public Opinion|Recession and Depression|Prices (Fares, Fees and Rates)|United States Politics and Government|Voting and Voters|Midterm Elections (2022)]"
2022-09-11T09:00:11+0000,"Fed’s Fading Support Puts Bond Market Back at Risk","[Stimulus (Economic)|Government Bonds|Stocks and Bonds|Quantitative Easing|United States Economy]"
2022-08-25T09:00:14+0000,"Recalculating on Climate","[Global Warming|Carbon Caps and Emissions Trading Programs|Greenhouse Gas Emissions|Prices (Fares, Fees and Rates)|Economics (Theory and Philosophy)|Tax Credits, Deductions and Exemptions|Regulation and Deregulation of Industry|Inflation Reduction Act of 2022|United States Economy|audio-neutral-informative]"
2022-04-21T07:00:16+0000,"A ‘New Deal’ Spent $1.9 Trillion on Aid. Voters Didn’t Notice.","[American Rescue Plan (2021)|Midterm Elections (2022)|Inflation (Economics)|United States Economy|United States Politics and Government|Local Government|States (US)|Polls and Public Opinion|Voting and Voters]"
2022-02-23T19:54:57+0000,"Ripple Effect: What Conflict In Ukraine Means for U.S.","[Russian Invasion of Ukraine (2022)|United States Economy|Supply Chain|International Trade and World Market|Prices (Fares, Fees and Rates)|Inflation (Economics)]"
2022-01-04T15:15:43+0000,"Record Surge  In Americans  Leaving Jobs","[Labor and Jobs|Wages and Salaries|Hiring and Promotion|Coronavirus (2019-nCoV)|United States Economy|Unemployment|Inflation (Economics)|Prices (Fares, Fees and Rates)|Shortages|Polls and Public Opinion]"
2022-09-29T14:24:26+0000,"Risks Climb As U.S. Taps Oil Stockpile To Cut Prices","[Oil (Petroleum) and Gasoline|Prices (Fares, Fees and Rates)|United States Politics and Government|International Trade and World Market|Strategic Petroleum Reserve (US)|Stockpiling|United States Economy|Russian Invasion of Ukraine (2022)|Embargoes and Sanctions]"
2022-05-23T16:20:33+0000,"Tariffs Cloud China Policy Under Biden","[Customs (Tariff)|International Trade and World Market|Economic Conditions and Trends|United States Economy|United States International Relations|United States Politics and Government]"
2022-12-23T13:41:36+0000,"A Measure Of Inflation Cools Down In November","[Prices (Fares, Fees and Rates)|United States Economy|Inflation (Economics)]"
2022-11-02T15:01:34+0000,"Fed Ratchets Up Rates and Hints At More to Come","[Interest Rates|Inflation (Economics)|Prices (Fares, Fees and Rates)|Banking and Financial Institutions|Stocks and Bonds|United States Economy]"
2022-04-06T18:01:30+0000,"‘Many’ at Fed Supported Big Increase In Rates","[United States Economy|Interest Rates|Inflation (Economics)|Banking and Financial Institutions|Wages and Salaries|Government Bonds|Prices (Fares, Fees and Rates)|Credit and Debt|Mortgage-Backed Securities]"
2022-05-31T07:00:13+0000,"Companies May Struggle To Up Profits ","[United States Economy|Supply Chain|Company Reports|Consumer Behavior|Coronavirus (2019-nCoV)|Inflation (Economics)|Stocks and Bonds|Standard & Poor's 500-Stock Index]"
2022-04-08T14:36:20+0000,"Some Doubt If Sanctions Are Working","[Russian Invasion of Ukraine (2022)|Economic Conditions and Trends|Embargoes and Sanctions|International Trade and World Market|United States International Relations|United States Economy|United States Politics and Government]"
2022-12-02T10:14:30+0000,"Fed’s Increases Fail To Temper The Job Market","[Labor and Jobs|United States Economy|Inflation (Economics)|Interest Rates|Unemployment|Hiring and Promotion]"
2022-07-27T21:26:07+0000,"Machin, in Shift, Supports Climate and Tax Measures","[Law and Legislation|Global Warming|Alternative and Renewable Energy|Federal Taxes (US)|United States Economy|United States Politics and Government|Health Insurance and Managed Care|Drugs (Pharmaceuticals)|Inflation (Economics)|Inflation Reduction Act of 2022]"
2022-02-06T08:00:09+0000,"Time For a Victory Lap *Terms and Conditions Apply","[Economics (Theory and Philosophy)|United States Economy|Inflation (Economics)|Federal Budget (US)|American Rescue Plan (2021)|Stimulus (Economic)|Coronavirus Aid, Relief, and Economic Security Act (2020)|Coronavirus (2019-nCoV)|Interest Rates]"
2022-02-04T13:35:26+0000,"Amid Covid Wave, Buoyant Economy Adds 467,000 Jobs","[Labor and Jobs|United States Economy|Coronavirus Omicron Variant]"
2022-07-01T09:00:22+0000,"Summer Travel Woes, Road and Sky","[Prices (Fares, Fees and Rates)|Oil (Petroleum) and Gasoline|United States Economy|Shopping and Retail|Travel and Vacations|Consumer Behavior|Inflation (Economics)|Russian Invasion of Ukraine (2022)]"
2022-12-10T10:00:27+0000,"Wish You Were Here. Just Ignore the Fires.","[Travel and Vacations|Economic Conditions and Trends|Sustainable Living|Global Warming|Wildfires|Drought|Floods|Water|Agriculture and Farming|Oil (Petroleum) and Gasoline|Natural Gas|United States Economy]"
2022-01-28T13:19:25+0000,"Best Finish In 18 Months Ends a Skid For Wall St.","[United States Economy|Inflation (Economics)|Standard & Poor's 500-Stock Index|Stocks and Bonds]"
2022-07-11T07:00:08+0000,"Democrats Sour on Biden, Citing Age and Economy","[United States Politics and Government|Presidential Election of 2024|Polls and Public Opinion|United States Economy|Voting and Voters]"
2022-07-26T07:00:09+0000,"Is It a Recession Yet?  Here’s Why It’s Hard to Say.","[Recession and Depression|United States Economy|Layoffs and Job Reductions|Gross Domestic Product|Economics (Theory and Philosophy)|Consumer Confidence (Economic Indicator)]"
2022-09-23T17:38:09+0000,"Traders See Fed Outlook As Too Rosy","[United States Economy|Recession and Depression|Inflation (Economics)|Interest Rates|Banking and Financial Institutions|Government Bonds|Stocks and Bonds]"
2022-06-30T09:00:17+0000,"For Wall Street, Already Dismal, Gloom Deepens","[Stocks and Bonds|Recession and Depression|United States Economy]"
2022-01-12T15:39:33+0000,"I.R.S. Is Buried in Backlog Of 10 Million 2021 Returns","[Tax Preparers and Preparation|Federal Taxes (US)|Coronavirus Aid, Relief, and Economic Security Act (2020)|American Rescue Plan (2021)|Coronavirus (2019-nCoV)|Child Tax Credits and Stipends|United States Economy|Tax Credits, Deductions and Exemptions|Two Thousand Twenty One]"
2022-10-12T09:00:30+0000,"Reluctance to Fire Employees Could Help Stabilize Economy","[Labor and Jobs|Hiring and Promotion|Layoffs and Job Reductions|Unemployment|Shortages|United States Economy|Wages and Salaries|Inflation (Economics)|Recession and Depression|Interest Rates|Coronavirus (2019-nCoV)]"
2022-03-02T13:30:56+0000,"Powell Says Rise in Rates Is on the Way","[United States Economy|Inflation (Economics)|Interest Rates]"
2022-02-02T10:00:31+0000,"Growing Turmoil for Energy","[Oil (Petroleum) and Gasoline|Prices (Fares, Fees and Rates)|Supply Chain|United States Economy|International Trade and World Market|Politics and Government|Coronavirus (2019-nCoV)|United States International Relations|Embargoes and Sanctions|War and Armed Conflicts|Natural Gas|Electric and Hybrid Vehicles]"
2022-03-10T10:00:11+0000,"Inflation Rises At Fastest Clip In 4 Decades","[Consumer Price Index|Inflation (Economics)|Prices (Fares, Fees and Rates)|United States Economy|Russian Invasion of Ukraine (2022)]"
2022-12-19T10:00:12+0000,"This Economy Is Simply Wacky","[United States Economy|Labor and Jobs|Real Estate and Housing (Residential)|Shortages|Recession and Depression|Inflation (Economics)|Interest Rates|Prices (Fares, Fees and Rates)|Wages and Salaries|Consumer Behavior|Coronavirus (2019-nCoV)|Mortgages|Economics (Theory and Philosophy)]"
2022-05-12T23:14:42+0000,"As Cryptocurrencies Melt Down,  $300 Billion Evaporates in Days","[Virtual Currency|Bitcoin (Currency)|Blockchain (Technology)|Banking and Financial Institutions|Computers and the Internet|United States Economy|Regulation and Deregulation of Industry]"
2022-03-25T15:37:17+0000,"Can Economy Be Cooled, Not Chilled?","[United States Economy|Inflation (Economics)|Interest Rates|Recession and Depression|Unemployment]"
2022-09-15T14:02:02+0000,"In U.S., Rate On Mortgage Exceeds 6%","[Real Estate and Housing (Residential)|Mortgages|Interest Rates|United States Economy|Inflation (Economics)]"
2022-07-27T17:14:53+0000,"In Bid to Counter China, Senate Passes a Sweeping Industrial Bill","[Law and Legislation|Factories and Manufacturing|International Trade and World Market|Computer Chips|United States International Relations|United States Economy]"
2022-05-20T15:50:25+0000,"Big Tech Greets Markets’ Slide With a Shrug","[Computers and the Internet|Stocks and Bonds|United States Economy]"
2022-03-25T14:17:23+0000,"Rattled by Inflation, Bond Market Faces Biggest Decline in Decades","[United States Economy|Inflation (Economics)|Interest Rates|Stocks and Bonds|Government Bonds|Russian Invasion of Ukraine (2022)]"
2022-06-03T09:00:11+0000,"‘Greedflation,’ or Do the Old Economic Rules Still Apply?","[United States Economy|Inflation (Economics)|Prices (Fares, Fees and Rates)|Economics (Theory and Philosophy)|Stimulus (Economic)|Coronavirus (2019-nCoV)|Shortages|Supply Chain]"
2022-02-19T10:00:23+0000,"As Virus Eases, Economic Blow Keeps Rippling","[United States Economy|Coronavirus (2019-nCoV)|Labor and Jobs|Shutdowns (Institutional)|Inflation (Economics)|Supply Chain|Shortages|Coronavirus Reopenings|Coronavirus Omicron Variant|Disease Rates]"
2022-02-23T15:13:35+0000,"Escalating Crisis Roils an Already Shaky Stock Market","[War and Armed Conflicts|Stocks and Bonds|Inflation (Economics)|Standard & Poor's 500-Stock Index|United States Economy|Economic Conditions and Trends|Embargoes and Sanctions]"
2022-01-28T13:37:12+0000,"Clashing Data For Economy In Virus’s Grip","[Inflation (Economics)|Consumer Behavior|United States Economy|Wages and Salaries|Supply Chain|Prices (Fares, Fees and Rates)|Coronavirus (2019-nCoV)|United States Politics and Government]"
2022-02-03T08:00:09+0000,"Jobs Data For January May Perplex","[United States Economy|Coronavirus Omicron Variant|Labor and Jobs|Coronavirus (2019-nCoV)|Unemployment|Wages and Salaries|Inflation (Economics)]"
2022-06-10T07:00:15+0000,"Lessons From Henry Ford About the Supply Chain Mess","[Automobiles|Supply Chain|International Trade and World Market|Factories and Manufacturing|Wages and Salaries|Labor and Jobs|Dividends (Finance)|United States Economy]"
2022-08-19T18:05:59+0000,"New Habits Force Retail To Adapt","[Shopping and Retail|Company Reports|Prices (Fares, Fees and Rates)|Discount Selling|Consumer Behavior|United States Economy]"
2022-01-14T08:00:10+0000,"The Young, Liberal Baristas Behind a National Union Drive","[Labor and Jobs|Organized Labor|Coffeehouses|United States Economy]"
2022-10-11T09:00:28+0000,"Democrats, Expecting to Coast, Are Fighting for New York Seats","[Midterm Elections (2022)|Redistricting and Reapportionment|Elections, House of Representatives|United States Politics and Government|Abortion|United States Economy]"
2022-03-16T16:06:22+0000,"Want to Borrow Some Money? Be Prepared to Pay More.","[Interest Rates|Credit and Debt|Personal Finances|Mortgages|Automobile Financing|Certificates of Deposit|Student Loans|Savings|Prices (Fares, Fees and Rates)|Content Type: Service|Inflation (Economics)|United States Economy]"
2022-04-15T07:00:12+0000,"Fuel Prices Raise Airfares, And Travelers Are Paying","[Oil (Petroleum) and Gasoline|AIRLINES AND AIRPLANES|Prices (Fares, Fees and Rates)|Inflation (Economics)|International Trade and World Market|Russian Invasion of Ukraine (2022)|Coronavirus (2019-nCoV)|United States Economy|Travel and Vacations]"
2022-10-07T09:00:24+0000,"China’s Slowdown Is a Wild Card in the Energy War With Russia","[Oil (Petroleum) and Gasoline|International Trade and World Market|Natural Gas|United States Economy|Economic Conditions and Trends|United States International Relations|International Relations|Factories and Manufacturing]"
2022-10-31T09:00:20+0000,"Powell Is Popular.  His War on Inflation Could Change That.","[United States Economy|Banking and Financial Institutions|Prices (Fares, Fees and Rates)|Inflation (Economics)|Recession and Depression|Federal Budget (US)|United States Politics and Government|Interest Rates]"
2022-10-25T14:36:11+0000,"Disabled Workers Thrive in Tight Labor Market","[Disabilities|Telecommuting|Hiring and Promotion|Labor and Jobs|Coronavirus (2019-nCoV)|Quarantine (Life and Culture)|Discrimination|United States Economy]"
2022-10-13T09:00:39+0000,"Data Sets Off Wild Swings For Market","[Standard & Poor's 500-Stock Index|Government Bonds|Interest Rates|Inflation (Economics)|Consumer Price Index|United States Economy]"
2022-06-14T22:33:26+0000,"Biden Considers Rollback  Of Tariffs to Ease Inflation","[Customs (Tariff)|Inflation (Economics)|United States Economy|International Trade and World Market|Protectionism (Trade)|United States Politics and Government]"
2022-01-31T15:08:20+0000,"Bright View On Wall St. Survives Dip","[United States Economy|Inflation (Economics)|Stocks and Bonds|Company Reports|Standard & Poor's 500-Stock Index]"
2022-06-17T09:00:15+0000,"Brace Yourself For the Drop","[United States Economy|Labor and Jobs|Layoffs and Job Reductions|Inflation (Economics)|Recession and Depression|Unemployment Insurance|Stimulus (Economic)|Shutdowns (Institutional)|Personal Finances|Interest Rates|Coronavirus (2019-nCoV)]"
2022-04-14T09:00:19+0000,"A New Legal Tactic To Protect Workers’ Pay","[Wages and Salaries|Corporations|Antitrust Laws and Competition Issues|Workplace Hazards and Violations|Suits and Litigation (Civil)|Labor and Jobs|United States Economy|United States Politics and Government]"
2022-11-27T10:00:12+0000,"Outlook for Business Travel Is a Big Question Mark","[AIRLINES AND AIRPLANES|Business Travel|Coronavirus (2019-nCoV)|Layoffs and Job Reductions|Hotels and Travel Lodgings|United States Economy]"
2022-07-28T09:05:07+0000,"Economy Shrinks Again, Amplifying Fear of Recession","[United States Economy|Recession and Depression|Inflation (Economics)|Gross Domestic Product|Interest Rates|Consumer Behavior|United States Politics and Government]"
2022-08-09T15:54:42+0000,"Investors Bet  That Inflation  Has Hit Peak","[United States Economy|Interest Rates|Inflation (Economics)|Stocks and Bonds]"
2022-02-10T13:36:15+0000,"Rapid Inflation  Widens Its Grip  As Fears Simmer","[Consumer Price Index|Inflation (Economics)|Prices (Fares, Fees and Rates)|Interest Rates|United States Economy]"
2022-01-03T19:45:51+0000,"As Inflation Rises, Democrats Pin Blame","[Prices (Fares, Fees and Rates)|United States Economy|Inflation (Economics)|Price Gouging|Corporations|United States Politics and Government]"
2022-07-05T16:11:27+0000,"Euro Plunges To Its Lowest In 2 Decades","[Euro (Currency)|Inflation (Economics)|United States Economy|Economic Conditions and Trends|Stocks and Bonds|Oil (Petroleum) and Gasoline]"
2022-11-04T09:32:59+0000,"Job Data Stays Strong, Despite Inflation Curbs","[United States Economy|Labor and Jobs|Interest Rates|Inflation (Economics)|Unemployment|Layoffs and Job Reductions|Government Bonds|Midterm Elections (2022)]"
2022-04-10T09:00:12+0000,"Car Shortage Adds Risk To Inflation","[United States Economy|Automobiles|Supply Chain|Consumer Price Index|Prices (Fares, Fees and Rates)|Shortages|Inflation (Economics)|Computer Chips|Shutdowns (Institutional)|Coronavirus (2019-nCoV)|Used Cars]"
2022-10-18T17:49:42+0000,"With Inflation Persistent, Fed Isn’t Letting Up","[United States Economy|Inflation (Economics)|Interest Rates|Prices (Fares, Fees and Rates)|Banking and Financial Institutions|Consumer Price Index|Consumer Behavior|Labor and Jobs]"
2022-03-04T10:37:55+0000,"Unemployment Falls to a Pandemic Low of 3.8%","[Labor and Jobs|United States Economy|Coronavirus (2019-nCoV)|Coronavirus Return to Office|Coronavirus Reopenings|Wages and Salaries|Inflation (Economics)|United States Politics and Government]"
2022-01-25T14:00:10+0000,"Forecast Dims for U.S., China and World ","[United States Economy|Economic Conditions and Trends|Supply Chain|Coronavirus (2019-nCoV)|American Rescue Plan (2021)|Credit and Debt|Interest Rates|Inflation (Economics)|International Trade and World Market]"
2022-05-11T16:14:44+0000,"Prolonged War Would Be Test Of West’s Unity","[Russian Invasion of Ukraine (2022)|Economic Conditions and Trends|Embargoes and Sanctions|United States International Relations|United States Economy|Shortages|Prices (Fares, Fees and Rates)]"
2022-09-18T07:00:09+0000,"Hispanic Voters  Still Lean Blue,  Poll Concludes ","[Hispanic-Americans|Polls and Public Opinion|Voting and Voters|Midterm Elections (2022)|United States Economy|United States Politics and Government]"
2022-02-01T21:10:59+0000,"National Debt Breaks Record At $30 Trillion","[National Debt (US)|Federal Budget (US)|United States Economy|United States Politics and Government|Inflation (Economics)|Coronavirus (2019-nCoV)]"
2022-05-01T09:00:13+0000,"Pandemic Home Market Creates Vast Riches, and More Inequality","[Real Estate and Housing (Residential)|Renting and Leasing (Real Estate)|United States Economy|Home Equity Loans|Income Inequality|Prices (Fares, Fees and Rates)|Shortages|Coronavirus (2019-nCoV)|Baby Boomers|Millennial Generation|Black People|Blacks]"
2022-07-13T19:01:22+0000,"Soaring Inflation Tightens Squeeze on U.S. Consumers","[United States Economy|Inflation (Economics)|Interest Rates|Prices (Fares, Fees and Rates)|Consumer Price Index|Oil (Petroleum) and Gasoline|Food|United States Politics and Government]"
2022-01-13T19:46:10+0000,"A Throwback Idea Returns As Inflation Rears Its Head","[Prices (Fares, Fees and Rates)|United States Economy|Shortages|Inflation (Economics)|Rationing and Allocation of Resources|Coronavirus (2019-nCoV)|Regulation and Deregulation of Industry]"
2022-02-01T17:32:09+0000,"Supply Chain Mayhem Will Likely Muck Up 2022","[Supply Chain|Ports|International Trade and World Market|Coronavirus (2019-nCoV)|United States Economy|Ships and Shipping|Shortages|Warehouses]"
2022-12-02T10:00:24+0000,"Why Are Middle-Aged Men Missing From the Labor Market?","[Men and Boys|Middle Age (Demographic)|Labor and Jobs|Unemployment|Recession and Depression|United States Economy|Coronavirus (2019-nCoV)]"
2022-04-01T09:00:23+0000,"Big Job Gains Fan the Flame Of a Recovery","[United States Economy|Wages and Salaries|Labor and Jobs|Prices (Fares, Fees and Rates)|Inflation (Economics)|Coronavirus (2019-nCoV)]"
2022-07-05T09:00:13+0000,"Carter-Era Economy Veterans Warn Biden Has Few Tools to Tame Prices","[United States Economy|Inflation (Economics)|Nineteen Hundred Seventies|Oil (Petroleum) and Gasoline|Prices (Fares, Fees and Rates)|United States Politics and Government]"
2022-06-30T12:52:24+0000,"Rising Prices Outpace Pay And Buying","[United States Economy|Consumer Behavior|Inflation (Economics)|Prices (Fares, Fees and Rates)|Gross Domestic Product|Recession and Depression|Income]"
2022-08-06T09:00:28+0000,"Free Spending, Plenty of Jobs: A Shaky Boom","[United States Economy|Recession and Depression|Coronavirus (2019-nCoV)|Labor and Jobs|Inflation (Economics)|Prices (Fares, Fees and Rates)]"
2022-07-30T09:00:19+0000,"Pizza Ovens, Firepits and Regret: Liquidators Manage Fallout of the Retail Bubble","[Shopping and Retail|E-Commerce|Warehouses|Consumer Behavior|United States Economy]"
2022-08-05T09:04:32+0000,"July Hiring Surge Restores U.S. Jobs Lost To Pandemic","[United States Economy|Labor and Jobs|Unemployment]"
2022-10-27T12:34:55+0000,"Growth Returns To U.S. Economy, But Fears Linger","[United States Economy|Gross Domestic Product|Recession and Depression|Factories and Manufacturing|International Trade and World Market|Consumer Behavior|Inflation (Economics)|Interest Rates]"
2022-11-04T09:00:41+0000,"Expectations of Inflation Can Add to the Problem","[Inflation (Economics)|Wages and Salaries|Prices (Fares, Fees and Rates)|Interest Rates|Banking and Financial Institutions|Labor and Jobs|United States Economy]"
2022-04-29T09:20:46+0000,"Slow Growth Taking Hold Across World","[Economic Conditions and Trends|Gross Domestic Product|United States Economy|Coronavirus (2019-nCoV)|Russian Invasion of Ukraine (2022)|Inflation (Economics)]"
2022-07-27T09:00:33+0000,"What Inflation Looks Like To American Consumers","[Inflation (Economics)|United States Economy|Prices (Fares, Fees and Rates)|Supermarkets and Grocery Stores|Consumer Behavior|Wages and Salaries|Interest Rates]"
2022-06-13T16:05:06+0000,"Crypto Swoons Again: Bitcoin Drops to 2020 Level","[Virtual Currency|Bitcoin (Currency)|United States Economy|Banking and Financial Institutions|Start-ups]"
2022-07-08T15:45:34+0000,"Fed Is Likely To Continue Raising Rate","[United States Economy|Inflation (Economics)|Consumer Price Index|Economic Conditions and Trends|Recession and Depression|Interest Rates|Wages and Salaries|Labor and Jobs]"
2022-06-30T07:00:14+0000,"As Dockworkers Near Contract’s End, The U.S. Has a Stake","[Ports|Freight (Cargo)|Ships and Shipping|Supply Chain|International Trade and World Market|Trucks and Trucking|United States Economy|Labor and Jobs|Organized Labor]"
2022-07-13T13:05:43+0000,"One Dollar = One Euro","[US Dollar (Currency)|Euro (Currency)|Inflation (Economics)|Banking and Financial Institutions|United States Economy]"
2022-12-28T10:00:14+0000,"As Google Cuts Costs, Employees Are Fretting","[Layoffs and Job Reductions|Online Advertising|Workplace Environment|Economic Conditions and Trends|United States Economy]"
2022-07-09T15:00:09+0000,"Fearing Oil Jolt, U.S. Pitches Plan On Global Prices","[Oil (Petroleum) and Gasoline|Prices (Fares, Fees and Rates)|Russian Invasion of Ukraine (2022)|International Trade and World Market|Recession and Depression|United States Economy|United States International Relations]"
2022-03-21T07:00:17+0000,"En Route to Ocean Carriers: Oversight","[Supply Chain|Ports|Freight (Cargo)|United States Economy|Ships and Shipping|Coronavirus (2019-nCoV)|Prices (Fares, Fees and Rates)|Inflation (Economics)|United States Politics and Government|Antitrust Laws and Competition Issues|Regulation and Deregulation of Industry]"
2022-11-27T22:13:39+0000,"Retailers Try to Woo Shoppers While They’re Willing to Spend","[Consumer Behavior|United States Economy|Shopping and Retail|Recession and Depression|Prices (Fares, Fees and Rates)|Inflation (Economics)|Black Friday and Cyber Monday (Shopping)|Discount Selling|Holidays and Special Occasions]"
2022-07-07T15:40:54+0000,"With Employers Eager to Hire, Many Women Are Missing Out","[Women and Girls|Labor and Jobs|Shortages|Elder Care|Child Care|United States Economy|Work-Life Balance|audio-neutral-informative]"
2022-12-31T08:00:17+0000,"What’s It All Mean? Click On TikTok.","[Two Thousand Twenty Two|Social Media|United States Economy]"
2022-01-11T08:00:10+0000,"Economists Point to Tech On Pay Gap","[Labor and Jobs|Artificial Intelligence|Income Inequality|Productivity|United States Economy|Computers and the Internet|Innovation|audio-neutral-informative|audio-negative-sad]"
2022-04-29T12:37:56+0000,"Inflation Hits 40-Year High In Key Index","[United States Economy|Inflation (Economics)|Supply Chain|Prices (Fares, Fees and Rates)|Interest Rates|Wages and Salaries]"
2022-01-24T15:04:44+0000,"Alarming Drop On Wall Street, Then a Bounce","[United States Economy|Stocks and Bonds|Standard & Poor's 500-Stock Index|Nasdaq Composite Index|Interest Rates|Inflation (Economics)]"
2022-10-21T09:00:28+0000,"Anatomy of a $30 Billion Pledge to Close the Wealth Gap","[Banking and Financial Institutions|United States Economy|Black People|Blacks|Minorities|Discrimination|Community Reinvestment Act|Corporate Social Responsibility|Books and Literature]"
2022-03-22T21:07:12+0000,"Strands Break In Global Web Of Commerce","[Russian Invasion of Ukraine (2022)|Coronavirus (2019-nCoV)|International Trade and World Market|Economic Conditions and Trends|United States Economy|United States International Relations|International Relations]"
2022-06-11T09:00:24+0000,"Unraveling the Riddle  Of American Inflation","[United States Economy|Inflation (Economics)|Consumer Price Index|Supply Chain|Recession and Depression|Price Gouging|Interest Rates|Prices (Fares, Fees and Rates)]"
2022-09-30T12:40:21+0000,"Fed Flailing On Inflation, Data Shows","[Inflation (Economics)|Interest Rates|Prices (Fares, Fees and Rates)|Consumer Behavior|Labor and Jobs|United States Economy]"
2022-08-24T15:00:12+0000,"Biden to Forgive as Much as $20,000 in Student Loans","[Student Loans|Colleges and Universities|Pell Grants|Federal Aid (US)|United States Politics and Government|United States Economy]"
2022-07-22T15:43:08+0000,"As Gas Prices Fall, President Chases a Win","[Oil (Petroleum) and Gasoline|Prices (Fares, Fees and Rates)|United States Economy|United States Politics and Government]"
2022-09-26T15:28:20+0000,"A Strong Dollar Will Inflict Pain In Many Nations","[US Dollar (Currency)|International Trade and World Market|Inflation (Economics)|United States Economy|Currency|Third World and Developing Countries|Interest Rates]"
2022-04-16T07:00:12+0000,"Hot Market For Housing Is Beginning To Cool Off","[Real Estate and Housing (Residential)|Mortgages|Renting and Leasing (Real Estate)|Prices (Fares, Fees and Rates)|Supply Chain|Interest Rates|Inflation (Economics)|United States Economy]"
2022-06-28T09:01:32+0000,"Experts See Rising Signs Of Recession In the U.S.","[United States Economy|Recession and Depression|Economic Conditions and Trends]"
2022-06-10T11:53:42+0000,"Price News Bursts Spirit Of Markets","[Stocks and Bonds|United States Economy|Inflation (Economics)|Interest Rates|Standard & Poor's 500-Stock Index|Government Bonds]"
2022-09-12T22:17:00+0000,"U.S. Officials Aim to Avert A Rail Strike For Freight","[Supply Chain|United States Economy|Freight (Cargo)|Railroads|Strikes|Organized Labor]"
2022-07-25T19:20:58+0000,"Wall Street Is Sitting Tight As Fed Prepares Rate Hike","[United States Economy|Interest Rates|Prices (Fares, Fees and Rates)|Inflation (Economics)|Banking and Financial Institutions|Recession and Depression|Oil (Petroleum) and Gasoline|Wages and Salaries|Consumer Behavior]"
2022-11-26T08:00:12+0000,"For Commerce Chief, $100 Billion Tech Gamble","[United States Economy|United States International Relations|United States Politics and Government|Computer Chips|Factories and Manufacturing|International Trade and World Market|Regulation and Deregulation of Industry|Computers and the Internet|Content Type: Personal Profile]"
2022-05-13T20:04:17+0000,"For Stocks, Era Of Easy Money Jerks to a Halt","[Stocks and Bonds|United States Economy|Inflation (Economics)|Interest Rates|Standard & Poor's 500-Stock Index]"
2022-09-08T08:31:51+0000,"Global Economic Shock Waves Pose the Gravest Risk to Europe","[Economic Conditions and Trends|United States Economy|Banking and Financial Institutions|Interest Rates|Electric Light and Power|Natural Gas|Oil (Petroleum) and Gasoline|Prices (Fares, Fees and Rates)|Recession and Depression|Embargoes and Sanctions|Coronavirus (2019-nCoV)|Russian Invasion of Ukraine (2022)|Supply Chain]"
2022-06-14T16:45:01+0000," With Fed Set To Lift Rates, Soft Landing Is a Hard Sell","[Interest Rates|United States Economy|Inflation (Economics)|Recession and Depression|Prices (Fares, Fees and Rates)|Labor and Jobs]"
2022-03-24T14:20:11+0000,"Pandemic, Now War, May Be Shaping New Normal for U.S. Economy","[United States Economy|Consumer Behavior|Inflation (Economics)|International Trade and World Market|Supply Chain|Income Inequality|Coronavirus (2019-nCoV)]"
2022-07-27T23:03:39+0000,"Fed Ratchets Up Rates Again, Taking Aim at Spiraling Prices","[Interest Rates|United States Economy|Recession and Depression|Inflation (Economics)|Mortgages|Wages and Salaries|Labor and Jobs|Prices (Fares, Fees and Rates)|Consumer Behavior]"
2022-11-01T19:25:08+0000,"Democrats Say Party Stumbles On Messaging","[Midterm Elections (2022)|United States Politics and Government|United States Economy|Abortion|Crime and Criminals|Elections, Senate|Elections, Governors|Elections, House of Representatives|Polls and Public Opinion]"
2022-07-05T09:00:26+0000,"Lonely Last Days in a Suburban Office Park","[Real Estate (Commercial)|Suburbs|Relocation of Business|United States Economy|Quarantine (Life and Culture)]"
2022-12-23T08:00:10+0000,"For Many Wall Street Bankers, This Year’s Bonus Season Is a Bust","[Banking and Financial Institutions|Executive Compensation|Bonuses|Layoffs and Job Reductions|Two Thousand Twenty Two|Recession and Depression|United States Economy]"
2022-10-21T07:00:09+0000,"A Rebound For Airlines, And a Shift In Patterns","[AIRLINES AND AIRPLANES|Company Reports|Travel and Vacations|Telecommuting|Labor and Jobs|Consumer Behavior|United States Economy]"
2022-05-10T07:00:11+0000,"Risk for States: Stoking Prices With Tax Cuts","[United States Economy|Inflation (Economics)|Taxation|States (US)|Politics and Government|Gasoline Tax (US)|Stimulus (Economic)]"
2022-06-05T09:00:19+0000,"Not in Her Backyard","[Real Estate and Housing (Residential)|United States Economy|Area Planning and Renewal|Shortages|Land Use Policies|Zoning|Suburbs|Local Government]"
2022-10-05T23:06:26+0000,"A U.S. Strategy Fails to Sway Riyadh","[Oil (Petroleum) and Gasoline|Production|Prices (Fares, Fees and Rates)|United States Economy|United States International Relations|International Trade and World Market]"
2022-02-10T22:50:18+0000,"Truckers’ Rage in Canada Shakes Auto Industry","[Coronavirus (2019-nCoV)|Supply Chain|Vaccination and Immunization|Demonstrations, Protests and Riots|Trucks and Trucking|Bridges and Tunnels|Automobiles|Factories and Manufacturing|Shutdowns (Institutional)|United States Economy]"
2022-12-30T10:00:15+0000,"2022 Was the Year the Music Stopped on Wall St.","[Two Thousand Twenty Two|Stocks and Bonds|Standard & Poor's 500-Stock Index|Government Bonds|Inflation (Economics)|Interest Rates|United States Economy]"
2022-11-01T16:51:26+0000,"No Signs Of Prices Lowering Demand","[Corporations|Company Reports|Inflation (Economics)|Prices (Fares, Fees and Rates)|Consumer Behavior|Interest Rates|United States Economy]"
2022-01-11T11:51:11+0000,"Powell Says Fed Is Ready To Raise Rates if Needed","[Interest Rates|Inflation (Economics)|Prices (Fares, Fees and Rates)|Credit and Debt|Banking and Financial Institutions|United States Economy|United States Politics and Government]"
2022-01-26T19:00:36+0000,"Fed Indicates It Will Increase Rates in March","[Interest Rates|Inflation (Economics)|United States Economy|Quantitative Easing|Labor and Jobs|Prices (Fares, Fees and Rates)|Stimulus (Economic)|Banking and Financial Institutions|United States Politics and Government]"
2022-01-16T20:56:48+0000,"China Lockdown Ramps Up Stress On Supply Chain","[Supply Chain|Ports|International Trade and World Market|Coronavirus Omicron Variant|Ships and Shipping|Coronavirus (2019-nCoV)|United States Economy|Quarantines]"
2022-10-30T20:47:39+0000,"Fight Over the White Working Class in Pennsylvania","[Midterm Elections (2022)|Whites|Polls and Public Opinion|United States Economy|Labor and Jobs|Elections, Senate|Elections, House of Representatives]"
2022-08-08T07:00:12+0000,"As Wealthy Keep Spending, Inflation Has America’s Poor on Edge","[Income Inequality|United States Economy|Layoffs and Job Reductions|Wages and Salaries|Coronavirus (2019-nCoV)|Inflation (Economics)|Food Insecurity|Poverty|Interest Rates|audio-neutral-informative]"
2022-09-15T09:00:41+0000,"On Inflation, Eyes Turn to Job Market","[United States Economy|Inflation (Economics)|Consumer Price Index|Supply Chain|Prices (Fares, Fees and Rates)|Interest Rates|Wages and Salaries|Labor and Jobs]"
2022-01-27T10:00:20+0000,"Economy in 2021  Surged by 5.7%,  Best in Decades","[United States Economy|Supply Chain|Labor and Jobs|Inflation (Economics)|Gross Domestic Product|Coronavirus Omicron Variant]"
2022-09-21T22:42:15+0000,"With Jump in Rates, Fed Shows It Means Business on Inflation","[Inflation (Economics)|Interest Rates|Banking and Financial Institutions|United States Economy|Recession and Depression]"
2022-07-08T09:00:18+0000,"The Only Certainty Right Now Is Uncertainty","[Mortgages|Real Estate and Housing (Residential)|Renting and Leasing (Real Estate)|Interest Rates|Inflation (Economics)|United States Economy|Content Type: Service|audio-neutral-informative]"
2022-08-03T18:57:34+0000,"U.S. Faces Big Obstacles To Cap Russia Oil Prices","[Oil (Petroleum) and Gasoline|Prices (Fares, Fees and Rates)|International Trade and World Market|Russian Invasion of Ukraine (2022)|Insurance|Embargoes and Sanctions|United States International Relations|United States Economy]"
2022-09-02T09:14:23+0000,"Hot Job Growth Cools And Raises Economic Hopes","[United States Economy|Inflation (Economics)|Prices (Fares, Fees and Rates)|Labor and Jobs|Wages and Salaries|Unemployment|Interest Rates|Recession and Depression]"
2022-10-04T20:03:51+0000,"U.S. Debt Surpasses $31 Trillion","[National Debt (US)|Federal Budget (US)|Government Bonds|Inflation (Economics)|Interest Rates|Stimulus (Economic)|American Rescue Plan (2021)|United States Economy|United States Politics and Government]"
2022-09-02T07:00:09+0000,"Biden Inertia Is Frustrating Gig Workers","[United States Politics and Government|Labor and Jobs|Freelancing, Self-Employment and Independent Contracting|Car Services and Livery Cabs|Part-Time Employment|United States Economy]"
2022-07-16T09:00:04+0000,"The Extremely Strong Dollar Is Weighing Down the World","[Currency|US Dollar (Currency)|Economic Conditions and Trends|United States Economy]"
